{
  "customs": [
    {
      "BossChance": 100,
      "BossEscortAmount": "1,2",
      "BossEscortType": "exusec",
      "BossName": "exusec",
      "BossZone": null,
      "Time": -1
    }
  ],
  "factory": [
    {
      "BossChance": 100,
      "BossEscortAmount": "1,2",
      "BossEscortType": "exusec",
      "BossName": "exusec",
      "BossZone": null,
      "Time": -1
    }
  ],
  "factory_night": [
    {
      "BossChance": 100,
      "BossEscortAmount": "1,2",
      "BossEscortType": "exusec",
      "BossName": "exusec",
      "BossZone": null,
      "Time": -1
    }
  ],
  "groundzero": [
    {
      "BossChance": 100,
      "BossEscortAmount": "1,2",
      "BossEscortType": "exusec",
      "BossName": "exusec",
      "BossZone": null,
      "Time": -1
    }
  ],
  "groundzero_high": [
    {
      "BossChance": 100,
      "BossEscortAmount": "1,2",
      "BossEscortType": "exusec",
      "BossName": "exusec",
      "BossZone": null,
      "Time": -1
    }
  ],
  "interchange": [
    {
      "BossChance": 100,
      "BossEscortAmount": "1,2",
      "BossEscortType": "exusec",
      "BossName": "exusec",
      "BossZone": null,
      "Time": -1
    }
  ],
  "laboratory": [
    {
      "BossChance": 100,
      "BossEscortAmount": "1,2",
      "BossEscortType": "exusec",
      "BossName": "exusec",
      "BossZone": null,
      "Time": -1
    }
  ],
  "lighthouse": [
    {
      "BossChance": 100,
      "BossEscortAmount": "1",
      "BossEscortType": "exusec",
      "BossName": "exusec",
      "BossZone": [
        "Zone_Blockpost"
      ],
      "Time": -1
    },
    {
      "BossChance": 100,
      "BossEscortAmount": "1,2",
      "BossEscortType": "exusec",
      "BossName": "exusec",
      "BossZone": [
        "Zone_RoofContainers"
      ],
      "Time": -1
    },
    {
      "BossChance": 40,
      "BossEscortAmount": "1,1,2",
      "BossEscortType": "exusec",
      "BossName": "exusec",
      "BossZone": [
        "Zone_TreatmentRocks"
      ],
      "Time": -1
    },
    {
      "BossChance": 40,
      "BossEscortAmount": "1,1,2",
      "BossEscortType": "exusec",
      "BossName": "exusec",
      "BossZone": [
        "Zone_TreatmentBeach"
      ],
      "Time": -1
    },
    {
      "BossChance": 80,
      "BossEscortAmount": "0",
      "BossEscortType": "exusec",
      "BossName": "exusec",
      "BossZone": [
        "Zone_RoofRocks"
      ],
      "Time": -1
    },
    {
      "BossChance": 80,
      "BossEscortAmount": "1",
      "BossEscortType": "exusec",
      "BossName": "exusec",
      "BossZone": [
        "Zone_RoofBeach"
      ],
      "Time": -1
    },
    {
      "BossChance": 10,
      "BossEscortAmount": "1,2",
      "BossEscortType": "exusec",
      "BossName": "exusec",
      "BossZone": [
        "Zone_Hellicopter"
      ],
      "Time": -1
    }
  ],
  "reserve": [
    {
      "BossChance": 100,
      "BossEscortAmount": "1,2",
      "BossEscortType": "exusec",
      "BossName": "exusec",
      "BossZone": null,
      "Time": -1
    }
  ],
  "shoreline": [
    {
      "BossChance": 100,
      "BossEscortAmount": "1,2",
      "BossEscortType": "exusec",
      "BossName": "exusec",
      "BossZone": null,
      "Time": -1
    }
  ],
  "streets": [
    {
      "BossChance": 100,
      "BossEscortAmount": "1,2",
      "BossEscortType": "exusec",
      "BossName": "exusec",
      "BossZone": null,
      "Time": -1
    }
  ],
  "woods": [
    {
      "BossChance": 100,
      "BossEscortAmount": "1,2",
      "BossEscortType": "exusec",
      "BossName": "exusec",
      "BossZone": null,
      "Time": -1
    }
  ]
}