{
  "customs": [
    {
      "BossChance": 30,
      "BossEscortAmount": "0",
      "BossEscortType": "followerbully",
      "BossName": "bosstagilla",
      "BossZone": null,
      "Time": -1
    }
  ],
  "factory": [
    {
      "BossChance": 30,
      "BossEscortAmount": "0",
      "BossEscortType": "followerbully",
      "BossName": "bosstagilla",
      "BossZone": [
        "BotZone"
      ],
      "Time": -1
    }
  ],
  "factory_night": [
    {
      "BossChance": 30,
      "BossEscortAmount": "0",
      "BossEscortType": "followerbully",
      "BossName": "bosstagilla",
      "BossZone": [
        "BotZone"
      ],
      "Time": -1
    }
  ],
  "groundzero": [
    {
      "BossChance": 30,
      "BossEscortAmount": "0",
      "BossEscortType": "followerbully",
      "BossName": "bosstagilla",
      "BossZone": null,
      "Time": -1
    }
  ],
  "groundzero_high": [
    {
      "BossChance": 30,
      "BossEscortAmount": "0",
      "BossEscortType": "followerbully",
      "BossName": "bosstagilla",
      "BossZone": null,
      "Time": -1
    }
  ],
  "interchange": [
    {
      "BossChance": 30,
      "BossEscortAmount": "0",
      "BossEscortType": "followerbully",
      "BossName": "bosstagilla",
      "BossZone": null,
      "Time": -1
    }
  ],
  "laboratory": [
    {
      "BossChance": 30,
      "BossEscortAmount": "0",
      "BossEscortType": "followerbully",
      "BossName": "bosstagilla",
      "BossZone": null,
      "Time": -1
    }
  ],
  "lighthouse": [
    {
      "BossChance": 30,
      "BossEscortAmount": "0",
      "BossEscortType": "followerbully",
      "BossName": "bosstagilla",
      "BossZone": null,
      "Time": -1
    }
  ],
  "reserve": [
    {
      "BossChance": 30,
      "BossEscortAmount": "0",
      "BossEscortType": "followerbully",
      "BossName": "bosstagilla",
      "BossZone": null,
      "Time": -1
    }
  ],
  "shoreline": [
    {
      "BossChance": 30,
      "BossEscortAmount": "0",
      "BossEscortType": "followerbully",
      "BossName": "bosstagilla",
      "BossZone": null,
      "Time": -1
    }
  ],
  "streets": [
    {
      "BossChance": 30,
      "BossEscortAmount": "0",
      "BossEscortType": "followerbully",
      "BossName": "bosstagilla",
      "BossZone": null,
      "Time": -1
    }
  ],
  "woods": [
    {
      "BossChance": 30,
      "BossEscortAmount": "0",
      "BossEscortType": "followerbully",
      "BossName": "bosstagilla",
      "BossZone": null,
      "Time": -1
    }
  ]
}