{
    "57ac965c24597706be5f975c": {
        "ItemID": "57ac965c24597706be5f975c",
        "Name": "scope_all_elcan_specter_dr_1-4",
        "MinZoom": 1,
        "MaxZoom": 4,
        "IsFixed": true,
        "CanToggle": true,
        "Unfuck": false
    },
    "57aca93d2459771f2c7e26db": {
        "ItemID": "57aca93d2459771f2c7e26db",
        "Name": "scope_all_elcan_specter_dr_1-4_fde",
        "MinZoom": 1,
        "MaxZoom": 4,
        "IsFixed": true,
        "CanToggle": true,
        "Unfuck": false
    },
    "544a3f024bdc2d1d388b4568": {
        "ItemID": "544a3f024bdc2d1d388b4568",
        "Name": "scope_all_elcan_spectre_os4x",
        "MinZoom": 1,
        "MaxZoom": 6,
        "IsFixed": true,
        "CanToggle": true,
        "Unfuck": false
    },
    "5dfe6104585a0c3e995c7b82": {
        "ItemID": "5dfe6104585a0c3e995c7b82",
        "Name": "scope_all_ncstar_advance_dual_optic_3_9x_42",
        "MinZoom": 3,
        "MaxZoom": 9,
        "IsFixed": false,
        "CanToggle": false,
        "Unfuck": false
    },
    "544a3a774bdc2d3a388b4567": {
        "ItemID": "544a3a774bdc2d3a388b4567",
        "Name": "scope_all_leupold_mark4_hamr",
        "MinZoom": 4,
        "MaxZoom": 4,
        "IsFixed": true,
        "CanToggle": false,
        "Unfuck": false
    },
    "5d2dc3e548f035404a1a4798": {
        "ItemID": "5d2dc3e548f035404a1a4798",
        "Name": "scope_all_monstrum_compact_prism_scope_2x32",
        "MinZoom": 2,
        "MaxZoom": 2,
        "IsFixed": true,
        "CanToggle": true,
        "Unfuck": false
    },
    "57adff4f24597737f373b6e6": {
        "ItemID": "57adff4f24597737f373b6e6",
        "Name": "scope_all_sig_bravo4_4x30",
        "MinZoom": 4,
        "MaxZoom": 4,
        "IsFixed": true,
        "CanToggle": false,
        "Unfuck": false
    },
    "626bb8532c923541184624b4": {
        "ItemID": "626bb8532c923541184624b4",
        "Name": "scope_all_swampfox_trihawk_prism_scope_3x30",
        "MinZoom": 3,
        "MaxZoom": 3,
        "IsFixed": true,
        "CanToggle": false,
        "Unfuck": false
    },
    "5c0517910db83400232ffee5": {
        "ItemID": "5c0517910db83400232ffee5",
        "Name": "scope_all_valday_ps320",
        "MinZoom": 1.25,
        "MaxZoom": 6,
        "IsFixed": true,
        "CanToggle": true,
        "Unfuck": true
    },
    "5c1cdd512e22161b267d91ae": {
        "ItemID": "5c1cdd512e22161b267d91ae",
        "Name": "scope_base_primary_arms_compact_prism_scope_2,5x",
        "MinZoom": 2.5,
        "MaxZoom": 2.5,
        "IsFixed": true,
        "CanToggle": false,
        "Unfuck": false
    },
    "5c05293e0db83400232fff80": {
        "ItemID": "5c05293e0db83400232fff80",
        "Name": "scope_base_trijicon_acog_ta01nsn_4x32",
        "MinZoom": 4,
        "MaxZoom": 4,
        "IsFixed": true,
        "CanToggle": false,
        "Unfuck": false
    },
    "5c052a900db834001a66acbd": {
        "ItemID": "5c052a900db834001a66acbd",
        "Name": "scope_base_trijicon_acog_ta01nsn_4x32_tan",
        "MinZoom": 4,
        "MaxZoom": 4,
        "IsFixed": true,
        "CanToggle": false,
        "Unfuck": false
    },
    "59db7e1086f77448be30ddf3": {
        "ItemID": "59db7e1086f77448be30ddf3",
        "Name": "scope_base_trijicon_acog_ta11_3,5x35",
        "MinZoom": 3.5,
        "MaxZoom": 4,
        "IsFixed": true,
        "CanToggle": false,
        "Unfuck": false
    },
    "622b4d7df9cfc87d675d2ded": {
        "ItemID": "622b4d7df9cfc87d675d2ded",
        "Name": "scope_g36_hensoldt_hkv_carry_handle_3x",
        "MinZoom": 3,
        "MaxZoom": 3,
        "IsFixed": true,
        "CanToggle": false,
        "Unfuck": false
    },
    "622b4f54dc8dcc0ba8742f85": {
        "ItemID": "622b4f54dc8dcc0ba8742f85",
        "Name": "scope_g36_hensoldt_hkv_single_optic_carry_handle_1,5x",
        "MinZoom": 1.5,
        "MaxZoom": 1.5,
        "IsFixed": true,
        "CanToggle": false,
        "Unfuck": false
    },
    "5c07dd120db834001c39092d": {
        "ItemID": "5c07dd120db834001c39092d",
        "Name": "scope_all_eotech_hhs_1",
        "MinZoom": 3,
        "MaxZoom": 3,
        "IsFixed": true,
        "CanToggle": true,
        "Unfuck": false
    },
    "5c0a2cec0db834001b7ce47d": {
        "ItemID": "5c0a2cec0db834001b7ce47d",
        "Name": "scope_all_eotech_hhs_1_tan",
        "MinZoom": 3,
        "MaxZoom": 3,
        "IsFixed": true,
        "CanToggle": true,
        "Unfuck": false
    },
    "5dff772da3651922b360bf91": {
        "ItemID": "5dff772da3651922b360bf91",
        "Name": "scope_25_4mm_vomz_pilad_4x32m",
        "MinZoom": 4,
        "MaxZoom": 4,
        "IsFixed": true,
        "CanToggle": false,
        "Unfuck": false
    },
    "618a75f0bd321d49084cd399": {
        "ItemID": "618a75f0bd321d49084cd399",
        "Name": "scope_base_npz_1p78_1_2,8x24",
        "MinZoom": 2.8,
        "MaxZoom": 2.8,
        "IsFixed": true,
        "CanToggle": false,
        "Unfuck": false
    },
    "5cf638cbd7f00c06595bc936": {
        "ItemID": "5cf638cbd7f00c06595bc936",
        "Name": "scope_dovetail_npz_1p29_4x",
        "MinZoom": 4,
        "MaxZoom": 4,
        "IsFixed": true,
        "CanToggle": false,
        "Unfuck": false
    },
    "5b3f7c1c5acfc40dc5296b1d": {
        "ItemID": "5b3f7c1c5acfc40dc5296b1d",
        "Name": "scope_base_progress_pu_3,5x",
        "MinZoom": 3.5,
        "MaxZoom": 3.5,
        "IsFixed": true,
        "CanToggle": false,
        "Unfuck": false
    },
    "576fd4ec2459777f0b518431": {
        "ItemID": "576fd4ec2459777f0b518431",
        "Name": "scope_dovetail_belomo_pso_1m2-1_4×24",
        "MinZoom": 4,
        "MaxZoom": 4,
        "IsFixed": true,
        "CanToggle": true,
        "Unfuck": false
    },
    "5c82343a2e221644f31c0611": {
        "ItemID": "5c82343a2e221644f31c0611",
        "Name": "scope_dovetail_belomo_pso_1m2_4x24",
        "MinZoom": 4,
        "MaxZoom": 4,
        "IsFixed": true,
        "CanToggle": true,
        "Unfuck": false
    },
    "5c82342f2e221644f31c060e": {
        "ItemID": "5c82342f2e221644f31c060e",
        "Name": "scope_dovetail_belomo_pso_1_4x24",
        "MinZoom": 4,
        "MaxZoom": 4,
        "IsFixed": true,
        "CanToggle": true,
        "Unfuck": false
    },
    "5d0a3a58d7ad1a669c15ca14": {
        "ItemID": "5d0a3a58d7ad1a669c15ca14",
        "Name": "scope_base_kmz_1p59_3_10x",
        "MinZoom": 3,
        "MaxZoom": 10,
        "IsFixed": false,
        "CanToggle": true,
        "Unfuck": false
    },
    "5d0a3e8cd7ad1a6f6a3d35bd": {
        "ItemID": "5d0a3e8cd7ad1a6f6a3d35bd",
        "Name": "scope_base_kmz_1p69_3_10x",
        "MinZoom": 3,
        "MaxZoom": 10,
        "IsFixed": false,
        "CanToggle": true,
        "Unfuck": false
    },
    "5b2388675acfc4771e1be0be": {
        "ItemID": "5b2388675acfc4771e1be0be",
        "Name": "scope_30mm_burris_fullfield_tac30_1_4x24",
        "MinZoom": 1,
        "MaxZoom": 4,
        "IsFixed": false,
        "CanToggle": false,
        "Unfuck": false
    },
    "5b3b99475acfc432ff4dcbee": {
        "ItemID": "5b3b99475acfc432ff4dcbee",
        "Name": "scope_30mm_eotech_vudu_1_6x24",
        "MinZoom": 1,
        "MaxZoom": 6,
        "IsFixed": false,
        "CanToggle": false,
        "Unfuck": true
    },
    "618ba27d9008e4636a67f61d": {
        "ItemID": "618ba27d9008e4636a67f61d",
        "Name": "scope_30mm_razor_hd_gen_2_1_6x24",
        "MinZoom": 1,
        "MaxZoom": 6,
        "IsFixed": false,
        "CanToggle": false,
        "Unfuck": true
    },
    "617151c1d92c473c770214ab": {
        "ItemID": "617151c1d92c473c770214ab",
        "Name": "scope_30mm_s&b_pm_ii_1_8x24",
        "MinZoom": 1,
        "MaxZoom": 8,
        "IsFixed": false,
        "CanToggle": false,
        "Unfuck": true
    },
    "544a3d0a4bdc2d1b388b4567": {
        "ItemID": "544a3d0a4bdc2d1b388b4567",
        "Name": "scope_all_nightforce_nxs_2,5-10x24",
        "MinZoom": 2.5,
        "MaxZoom": 10,
        "IsFixed": false,
        "CanToggle": false,
        "Unfuck": false
    },
    "61714eec290d254f5e6b2ffc": {
        "ItemID": "61714eec290d254f5e6b2ffc",
        "Name": "scope_34mm_s&b_pm_ii_3_12x50",
        "MinZoom": 3,
        "MaxZoom": 12,
        "IsFixed": false,
        "CanToggle": false,
        "Unfuck": false
    },
    "56ea70acd2720b844b8b4594": {
        "ItemID": "56ea70acd2720b844b8b4594",
        "Name": "scope_34mm_hensoldt_zf_4_16x56_ff",
        "MinZoom": 4,
        "MaxZoom": 16,
        "IsFixed": false,
        "CanToggle": false,
        "Unfuck": false
    },
    "5a37cb10c4a282329a73b4e7": {
        "ItemID": "5a37cb10c4a282329a73b4e7",
        "Name": "scope_30mm_leupold_mark4_lr_6,5_20x50",
        "MinZoom": 6.5,
        "MaxZoom": 20,
        "IsFixed": false,
        "CanToggle": false,
        "Unfuck": false
    },
    "57c5ac0824597754771e88a9": {
        "ItemID": "57c5ac0824597754771e88a9",
        "Name": "scope_30mm_march_tactical_3-24x42",
        "MinZoom": 3,
        "MaxZoom": 24,
        "IsFixed": false,
        "CanToggle": false,
        "Unfuck": false
    },
    "62850c28da09541f43158cca": {
        "ItemID": "62850c28da09541f43158cca",
        "Name": "scope_34mm_s&b_pm_ii_5_25x56",
        "MinZoom": 5,
        "MaxZoom": 25,
        "IsFixed": false,
        "CanToggle": false,
        "Unfuck": false
    },
    "5aa66be6e5b5b0214e506e97": {
        "ItemID": "5aa66be6e5b5b0214e506e97",
        "Name": "scope_34mm_nightforce_atacr_7_35x56",
        "MinZoom": 7,
        "MaxZoom": 35,
        "IsFixed": false,
        "CanToggle": false,
        "Unfuck": false
    },
    "5b3b6e495acfc4330140bd88": {
        "ItemID": "5b3b6e495acfc4330140bd88",
        "Name": "scope_base_armasight_vulcan_gen3_bravo_mg_3,5x",
        "MinZoom": 3.5,
        "MaxZoom": 3.5,
        "IsFixed": true,
        "CanToggle": false,
        "Unfuck": false
    },
    "5a7c74b3e899ef0014332c29": {
        "ItemID": "5a7c74b3e899ef0014332c29",
        "Name": "scope_dovetail_npz_nspum_3,5x",
        "MinZoom": 3.5,
        "MaxZoom": 3.5,
        "IsFixed": true,
        "CanToggle": false,
        "Unfuck": false
    },
    "606f2696f2cb2e02a42aceb1": {
        "ItemID": "606f2696f2cb2e02a42aceb1",
        "Name": "tactical_mp155_kalashnikov_ultima_camera",
        "MinZoom": 1,
        "MaxZoom": 1,
        "IsFixed": true,
        "CanToggle": true,
        "Unfuck": false
    },
    "609bab8b455afd752b2e6138": {
        "ItemID": "609bab8b455afd752b2e6138",
        "Name": "scope_all_torrey_pines_logic_t12_w_30hz",
        "ModType": "",
        "MinZoom": 1,
        "MaxZoom": 1,
        "IsFixed": true,
        "CanToggle": false,
        "Unfuck": false
    },
    "5d1b5e94d7ad1a2b865a96b0": {
        "ItemID": "5d1b5e94d7ad1a2b865a96b0",
        "Name": "scope_all_flir_rs32_225_9x_35_60hz",
        "MinZoom":  2.25,
        "MaxZoom": 9,
        "IsFixed": false,
        "CanToggle": false,
        "Unfuck": false
    },
    "5a1eaa87fcdbcb001865f75e": {
        "ItemID": "5a1eaa87fcdbcb001865f75e",
        "Name": "scope_base_trijicon_reap-ir",
        "MinZoom": 1.2,
        "MaxZoom": 9.6,
        "IsFixed": false,
        "CanToggle": true,
        "Unfuck": false
    },
    "6478641c19d732620e045e17": {
        "ItemID": "6478641c19d732620e045e17",
        "Name": "scope_all_sig_sauer_echo1_thermal_reflex_sight_1_2x_30hz,5x",
        "MinZoom": 1,
        "MaxZoom": 2,
        "IsFixed": true,
        "CanToggle": true,
        "Unfuck": false
    },
    "63fc44e2429a8a166c7f61e6": {
        "ItemID": "63fc44e2429a8a166c7f61e6",
        "Name": "scope_base_armasight_zeus_pro_640_2_16x50_30hz",
        "MinZoom": 2,
        "MaxZoom": 16,
        "IsFixed": false,
        "CanToggle": true,
        "Unfuck": false
    },
    "5d53f4b7a4b936793d58c780": {
        "ItemID": "5d53f4b7a4b936793d58c780",
        "Name": "scope_ags_npz_pag17_2,7x",
        "MinZoom": 2.7,
        "MaxZoom": 2.7,
        "IsFixed": true,
        "CanToggle": false,
        "Unfuck": false
    },
    "62ebd290c427473eff0baafb": {
        "ItemID": "62ebd290c427473eff0baafb",
        "Name": "scope_aug_steyr_rail_optic_1,5x",
        "MinZoom": 1.5,
        "MaxZoom": 1.5,
        "IsFixed": true,
        "CanToggle": false,
        "Unfuck": false
    },
    "62ea7c793043d74a0306e19f": {
        "ItemID": "62ea7c793043d74a0306e19f",
        "Name": "scope_aug_steyr_stg77_optic_1,5x",
        "MinZoom": 1.5,
        "MaxZoom": 1.5,
        "IsFixed": true,
        "CanToggle": false,
        "Unfuck": false
    },
    "6567e7681265c8a131069b0f": {
        "ItemID": "6567e7681265c8a131069b0f",
        "Name": "scope_30mm_sig_tango6t_1_6x24",
        "MinZoom": 1,
        "MaxZoom": 6,
        "IsFixed": false,
        "CanToggle": false,
        "Weight": 0.626
    },
    "01010_RAZOR": {
        "ItemID": "01010_RAZOR",
        "Name": "scope_30mm_razor_hd_gen_2_1_6x24",
        "MinZoom": 2,
        "MaxZoom": 6,
        "IsFixed": false,
        "CanToggle": false,
        "Unfuck": true
    },
    "CCG_SCOPE_TANGO": {
        "ItemID": "CCG_SCOPE_TANGO",
        "Name": "CCG_SCOPE_TANGO",
        "MinZoom": 2,
        "MaxZoom": 6,
        "IsFixed": false,
        "CanToggle": false,
        "Unfuck": true
    },
    "t1_hhsscope": {
        "ItemID": "t1_hhsscope",
        "Name": "scope_all_eotech_hhs_1",
        "MinZoom": 3,
        "MaxZoom": 3,
        "IsFixed": true,
        "CanToggle": true,
        "Unfuck": false
    },
    "0afaf0c97b1d068d242df1dc": {
        "ItemID": "0afaf0c97b1d068d242df1dc",
        "Name": "nf4-16f1",
        "MinZoom": 4,
        "MaxZoom": 16,
        "IsFixed": false,
        "CanToggle": true,
        "Unfuck": false
    },
    "797e1ab4422217d7cfe3d299": {
        "ItemID": "797e1ab4422217d7cfe3d299",
        "Name": "elcan_1_5-6",
        "MinZoom": 1.5,
        "MaxZoom": 6,
        "IsFixed": true,
        "CanToggle": true,
        "Unfuck": false
    },
    "c5042b1c75088ddfc6c196f4": {
        "ItemID": "c5042b1c75088ddfc6c196f4",
        "Name": "vortex_golden_eagle",
        "MinZoom": 10,
        "MaxZoom": 60,
        "IsFixed": false,
        "CanToggle": true,
        "Unfuck": false
    },
    "750bcfb1b1f84f27a8f4f282": {
        "ItemID": "750bcfb1b1f84f27a8f4f282",
        "Name": "atacr_f1_1-8",
        "MinZoom": 1.5,
        "MaxZoom": 8,
        "IsFixed": false,
        "CanToggle": true,
        "Unfuck": false
    }
}